,name,address,city,state,zipcode
0,Trader Joes,3745 N Lincoln Ave,Chicago,Il,60613
1,Trader Joes,667 W Diversey Pkwy,Chicago,Il,60614
2,Trader Joes,1840 N Clybourn Ave,Chicago,Il,60614
3,Trader Joes,44 E Ontario St,Chicago,Il,60611
4,Trader Joes,1147 S Wabash Ave,Chicago,Il,60605
5,Trader Joes,1528 E 55th Street,Chicago,Il,60615
6,Whole Foods,5118 S Lake Park Ave,Chicago,Il,60615
7,Whole Foods,832 W 63rd St,Chicago,Il,60621
8,Whole Foods,"1101 S Canal St Ste 107, Ste 107",Chicago,Il,60607
9,Whole Foods,1 N Halsted St,Chicago,Il,60661
10,Whole Foods,255 E Grand Ave,Chicago,Il,60611
11,Whole Foods,30 W Huron St,Chicago,Il,60654
12,Whole Foods,1550 N Kingsbury St,Chicago,Il,60642
13,Whole Foods,959 W Fullerton Ave,Chicago,Il,60614
14,Whole Foods,3201 N. Ashland Ave,Chicago,Il,60657
15,Whole Foods,3640 N Halsted St,Chicago,Il,60613
16,Whole Foods,6009 N Broadway,Chicago,Il,60660
17,Whole Foods,6020 N Cicero Ave,Chicago,Il,60646
18,Jewel Osco,102 W Division St,Chicago,Il,60610
19,Jewel Osco,11730 S Marshfield Ave,Chicago,Il,60643
20,Jewel Osco,1220 S Ashland Ave,Chicago,Il,60608
21,Jewel Osco,1224 S Wabash Ave,Chicago,Il,60605
22,Jewel Osco,1340 S Canal St,Chicago,Il,60607
23,Jewel Osco,1341 N Paulina St,Chicago,Il,60622
24,Jewel Osco,95th St,Chicago,Il,60617
25,Jewel Osco,1763 W Howard St,Chicago,Il,60626
26,Jewel Osco,2520 N Narragansett Ave,Chicago,Il,60639
27,Jewel Osco,2550 N Clybourn Ave,Chicago,Il,60614
28,Jewel Osco,2940 N Ashland Ave,Chicago,Il,60657
29,Jewel Osco,103rd St,Chicago,Il,60655
30,Jewel Osco,3400 N Western Ave,Chicago,Il,60618
31,Jewel Osco,3531 N Broadway St,Chicago,Il,60657
32,Jewel Osco,3570 N Elston Ave,Chicago,Il,60618
33,Jewel Osco,3630 N Southport Ave,Chicago,Il,60613
34,Jewel Osco,3644 S Archer Ave,Chicago,Il,60609
35,Jewel Osco,370 N Desplaines St,Chicago,Il,60661
36,Jewel Osco,4042 W Foster Ave,Chicago,Il,60630
37,Jewel Osco,424 W Division St,Chicago,Il,60610
38,Jewel Osco,4250 N Lincoln Ave,Chicago,Il,60618
39,Jewel Osco,4355 N Sheridan Rd,Chicago,Il,60613
40,Jewel Osco,34th St,Chicago,Il,60616
41,Jewel Osco,4660 W Irving Park Rd,Chicago,Il,60641
42,Jewel Osco,4729 N Central Ave,Chicago,Il,60630
43,Jewel Osco,4734 N Cumberland Ave,Chicago,Il,60656
44,Jewel Osco,5320 S Pulaski Rd,Chicago,Il,60632
45,Jewel Osco,5343 N Broadway,Chicago,Il,60640
46,Jewel Osco,550 N State St,Chicago,Il,60654
47,Jewel Osco,5516 N Clark St,Chicago,Il,60640
48,Jewel Osco,6014 S Cottage Grove,Chicago,Il,60637
49,Jewel Osco,6107 S Archer Ave,Chicago,Il,60638
50,Jewel Osco,6430 W Irving Park Rd,Chicago,Il,60634
51,Jewel Osco,7342 W Foster Ave,Chicago,Il,60656
52,Jewel Osco,7530 S Stony Island Ave,Chicago,Il,60649
53,Jewel Osco,87th St,Chicago,Il,60620
54,Jewel Osco,9400 S Ashland Ave,Chicago,Il,60620
